,A,B,C,D
2000-01-01,-0.3322945789727026,0.16744848078140903,1.8199709132605018,0.2629840972728414
2000-01-02,-1.154339175357759,-0.7957820279949601,1.476187051967578,-0.507846490756094
2000-01-03,-0.13046006555571932,0.14924107934448638,1.7973901312050362,0.41735355659069895
2000-01-04,-1.5730870112145048,0.4238065790428966,1.720803137309708,-0.49228565415928416
2000-01-05,-1.8426752279005,0.5415266882960948,1.7283331450214416,-1.9074988811693505
2000-01-06,-2.2653336591604125,-0.09750713139890133,2.7170498618110908,-2.2693732281044756
2000-01-07,-1.3727899832051578,1.5245096745437696,2.4628092066254434,-0.8485992997686664
2000-01-08,0.28488541212795226,2.8747151395566384,4.474405491162154,-1.2875381213756811
2000-01-09,0.6659150240761711,2.8431609356214356,2.0378139466507,-0.4021080982405617
2000-01-10,-1.8771230163269832,1.8820700673255752,3.3819818981703373,-1.6420312424462478
2000-01-11,-3.044552878034461,-1.234747696437496,3.9601930132596763,-0.7840037308244066
2000-01-12,-3.0385215294105503,-1.8313901994783057,3.4598883103163787,-0.9555296617817925
2000-01-13,-2.7640847184706865,-1.7597821873533397,4.0021334923921295,0.7198183644279128
2000-01-14,-3.2463930777407937,-2.748486073267448,3.0489615617207337,0.26226634799134796
2000-01-15,-3.1482036019241484,-1.0445815814804837,3.2004970118278204,-1.6442763183808236
2000-01-16,-4.556982874578052,-0.44543217703289717,4.102737184827825,-0.3315474539234482
2000-01-17,-4.806632656046267,-1.6228741404114166,2.083167015109481,0.5907421755158238
2000-01-18,-5.485391557225436,-2.617574283911122,2.0145366396393984,-0.5774378932527175
2000-01-19,-5.811475292618455,-2.8138904114130527,0.38600658407796695,0.2835406229860691
2000-01-20,-4.0338885133354,-2.959995968819169,-0.5135540085651571,-0.28252365625828024
2000-01-21,-2.962677934488342,-4.173140916109928,0.740238660047638,-0.5578321346354599
2000-01-22,-3.474194882337815,-5.230953883126276,1.6867376232895799,-0.3807957209186347
2000-01-23,-3.5992178076452075,-5.968645972393326,2.452980914157875,-0.2522464149887115
2000-01-24,-3.382496081397744,-4.298671943928112,3.906037719516508,0.13182734052968031
2000-01-25,-3.9696405556616807,-3.440848601794416,6.133912356978632,-0.5730467415629648
2000-01-26,-3.4585760763323656,-3.5381883775047798,7.803160628918288,-1.5264024952301407
2000-01-27,-4.150509078051278,-2.941223940717445,6.16966824295215,-1.9741007460497244
2000-01-28,-3.41702692389491,-0.5811121569416584,6.383175890084081,-2.980037834242072
2000-01-29,-1.661431526660966,-1.1740343405718592,7.764827459467149,-3.3610436631778726
2000-01-30,-2.543463417866251,-1.442065163916562,6.048298520097874,-3.9289983707886242
2000-01-31,-3.5763106530926825,-0.40222619664815684,6.073685164999033,-4.036538233107553
2000-02-01,-3.0622277611643707,-0.11186871291569167,6.551619029748604,-3.4535852511980774
2000-02-02,-2.7076507991654064,1.0733030948222748,7.989802175271979,-4.396788279946281
2000-02-03,-2.133705845815677,1.604101327974984,7.561972974467337,-4.750194953495926
2000-02-04,-2.9096963500023296,2.2067520493466963,7.32816128059302,-5.772335206588882
2000-02-05,-3.7063815851085535,1.7381331184942508,5.963808226893184,-5.665200020386837
2000-02-06,-2.069348439651974,2.2215527264646733,7.522666909959572,-4.776712380567346
2000-02-07,-1.245891341632949,3.2202562613505794,7.507414152243662,-3.0260577046189163
2000-02-08,-2.5106415244216063,5.928658318082391,8.853180935037802,-2.774719760614028
2000-02-09,-2.8156804469087158,5.344139704050944,8.912182794486819,-3.146290717972685
2000-02-10,-3.988917089408072,5.816841344891147,8.640537109333165,-4.410462657679074
2000-02-11,-4.542848120185297,5.470233504669767,9.734028055510537,-4.407441611607028
2000-02-12,-4.59777166037092,5.483915208715594,10.081751845020893,-5.827379241318454
2000-02-13,-4.906737132830027,4.226741123603295,9.604608210060935,-2.982432905891402
2000-02-14,-7.52613879623094,4.9365322984811115,10.715415428443645,-4.286310739069925
2000-02-15,-7.95589734718502,4.307674782158047,10.874210209006918,-4.031876775703201
2000-02-16,-8.129426046285461,5.76183830635523,10.814897295502348,-3.7728042644380255
2000-02-17,-7.985461473589489,7.773034464035791,10.467668640928846,-3.416998897101381
2000-02-18,-7.406992606619249,8.375556663320173,9.973733669368956,-2.2935489801378326
2000-02-19,-6.911608539453496,9.33974254079464,7.069303329177434,-3.1714191536696643
2000-02-20,-7.552859684235285,10.199610253219605,7.034068857705124,-3.370692941132481
2000-02-21,-7.376598473429922,10.707135450869663,6.325922894569953,-2.639098290383104
2000-02-22,-7.039842228557704,8.910780242323824,7.641132190247534,-3.197028349341624
2000-02-23,-7.4152098724588065,9.806101539737845,6.704266403003836,-3.9767187665914494
2000-02-24,-4.620977530938106,8.940278598177391,8.026274300636134,-3.231741940686328
2000-02-25,-3.2672856005450717,8.476578472060579,7.080624014271968,-4.695043369696936
2000-02-26,-3.5576136585162086,6.53934941233013,7.608192976896203,-6.096652260572551
2000-02-27,-3.0198299773552137,7.852437659960886,7.327875366367982,-6.32045669956965
2000-02-28,-3.1171509280489498,7.916085191441625,8.011903932502669,-6.104358636593842
2000-02-29,-2.312742464039653,6.865767763375404,6.4878201587221636,-5.577057230016884
2000-03-01,-1.6306715210904714,5.940817150312711,5.492275405725686,-5.4401784967341404
2000-03-02,-2.4668399921312956,4.701290067762534,6.413005628556687,-7.022123312441797
2000-03-03,-2.235794350093455,3.988196643356223,5.5409860389248795,-6.252547345932134
2000-03-04,-0.6261249335533323,5.129123917665725,7.14022306733772,-6.674091270795168
2000-03-05,-2.175813925320374,3.2386502713021956,6.730618547928395,-6.3024716779069525
2000-03-06,-0.3502403888771579,2.19603067630348,5.821140393993785,-5.684024182673988
2000-03-07,-1.1309872801884704,2.801078544542756,5.168973044550031,-7.085878638570344
2000-03-08,-3.1435678284772806,2.874361934394857,5.664017776070311,-7.367668466368106
2000-03-09,-1.0921580591518123,1.3473272901142155,6.424150631851577,-8.067413625297242
2000-03-10,0.4587781265678448,0.678129794051345,7.991480671394278,-9.343175450482317
2000-03-11,1.1310632411262735,2.6393457736084573,7.654255174162002,-8.405430676430484
2000-03-12,0.0813181544803987,2.8797455429431653,8.917087543192567,-9.187263860831655
2000-03-13,-0.9116893090879639,2.442124701735829,8.905259272607914,-8.304735790162109
2000-03-14,0.7413962603818196,2.478477011105577,8.82156578839015,-7.113847730116392
2000-03-15,0.2576121733440589,3.060792552957676,7.16778400322808,-6.730712620705497
2000-03-16,1.12725474126135,4.260694204503342,5.527244980871345,-6.744604087252436
2000-03-17,0.5597618841829686,3.080942685107514,5.700963485824159,-6.735581676214718
2000-03-18,0.9527899199688579,4.027465683464792,6.080377855189193,-7.302048911550924
2000-03-19,0.09502651163087139,3.7529115657585987,6.749597912189355,-6.384047503261541
2000-03-20,0.12058554131011562,4.689188299277479,6.138641901764849,-5.494977582119164
2000-03-21,0.576235828883124,4.571021680554848,5.828623438827832,-4.5831059826070675
2000-03-22,1.1126214836350021,5.03235285868747,4.965917444260593,-2.3979975233253934
2000-03-23,1.6297960195616283,6.8056327670087695,5.519984568952437,-3.3668408519926722
2000-03-24,-0.40886303153251347,8.708950456282901,5.866923816144032,-2.770514144600324
2000-03-25,0.30002074332716666,9.21128295300625,6.808162169333497,-4.113616942652199
2000-03-26,0.734502081412371,8.900941733039058,8.835946977751995,-2.888709598810009
2000-03-27,1.0145756235237693,8.117495108028098,8.76445487228342,-2.604529746726405
2000-03-28,3.0130670088071123,8.327353707501212,8.704483771097683,-0.7327650377968651
2000-03-29,2.574550861782139,10.025543324935532,8.783326242985943,-0.8146932829112736
2000-03-30,2.3232804109636627,9.847993789090658,8.42770988604914,0.7941748748630624
2000-03-31,1.8477106453744931,11.144477121184188,7.2318838399098775,0.1563251320247041
2000-04-01,2.0470706483289702,10.44913715073179,6.932085664345131,0.05731231283222055
2000-04-02,1.6223750536375106,11.762372047652248,5.478832266193937,0.4948375876375865
2000-04-03,0.6573377002519574,10.46224942155413,5.41441523883364,2.7824638773125474
2000-04-04,2.157677528065708,11.913442457466568,4.22959850487408,1.1425579271848108
2000-04-05,1.1961663283357187,11.732147283805302,4.5456505291685065,1.5027465284288652
2000-04-06,1.2010314062353433,10.68206010188831,4.847203839325156,1.7112567051061744
2000-04-07,1.1071147626668854,10.901656338673483,6.3733791109794,3.3701168478877643
2000-04-08,2.5700962368646945,11.85440858376035,3.842076451367743,2.245307126928875
2000-04-09,0.5059645787114695,10.83473182583512,2.9388497960920485,2.347355755806897
2000-04-10,1.071969651465566,11.108383015724721,3.162673206506832,2.6551288227307133
2000-04-11,2.007084171338335,10.910171425340137,3.8380113568896745,3.4033052484232607
2000-04-12,1.4362093617314637,9.221345159744889,2.9585034509549564,1.2355304340331297
2000-04-13,1.2846820044376404,9.602697725732279,1.7322850841300872,0.5202086467130397
2000-04-14,2.3981464218914414,8.479109053524349,2.8120923898588845,-0.989952817669809
2000-04-15,3.131987496865472,10.147754338705546,3.963229597969369,-1.4213324340330111
2000-04-16,2.042588957604293,10.363025719576983,2.7999072282916053,-2.697808378053176
2000-04-17,2.2552811704227556,10.304125487429292,1.9677596679839116,-2.2766928930362083
2000-04-18,0.9790225948752203,10.579161821833347,1.7896055434486744,-2.257660080490162
2000-04-19,1.0941658750081764,10.671398087072408,1.749262391644761,-1.3442267379367578
2000-04-20,1.166613781223843,11.858100597626997,2.0250826391983088,-2.747129879574626
2000-04-21,0.4354672347091285,12.558016918537577,3.664955839196529,-1.3719833430163286
2000-04-22,1.5198751175488412,12.038458878110987,4.021097584307532,-0.479580017712414
2000-04-23,2.5118192718428825,11.500203400981935,3.7581048813880242,-0.5357789080242937
2000-04-24,1.9581464486960636,12.261145647052597,3.196739194109639,-1.45825625821896
2000-04-25,2.040977109865491,13.563801015503229,5.119298064005889,-3.8150445168995835
2000-04-26,3.6703196315306688,14.854545051651959,5.404705234143453,-4.9053956206416816
2000-04-27,4.333285949987518,14.61041297347962,5.125149881561849,-7.073947103584283
2000-04-28,2.8287322625878684,14.465548182616615,4.86702491128802,-5.928075779865623
2000-04-29,3.87087070052573,15.107596583044716,5.213189584327067,-4.866184513198767
2000-04-30,4.244466844484032,16.556587150313607,6.661746618149671,-5.941293041090439
2000-05-01,4.058953814475444,17.510986115005895,4.866963207642801,-6.55010657471861
2000-05-02,3.975839976877677,18.133682891938054,5.910632463698315,-4.715955630587557
2000-05-03,3.4192819018478344,17.648916373783127,6.404884606125657,-3.0137368483297475
2000-05-04,4.256900359887697,18.940719107416626,6.2644449850001935,-2.796846289992053
2000-05-05,2.882912265461819,19.23170196106833,7.664442908956442,-3.1726684757593024
2000-05-06,3.148213274445642,18.302571820506856,7.910323076932393,-2.126671122996703
2000-05-07,2.858322294935305,19.27546220855889,7.917438310661922,-3.212947360214065
2000-05-08,1.1026937643484203,17.05562418544398,9.516447571211183,-1.870484094555019
2000-05-09,2.5866194966038165,15.846478225193346,9.690585730848484,-2.281525394777527
2000-05-10,2.5867591853921783,16.454533643069876,8.292818460564312,-3.551436199164237
2000-05-11,2.4389658562160808,14.631810737411543,9.08166479273538,-3.8161629153393717
2000-05-12,3.1723557079693476,12.882178922451189,8.25267907200642,-4.467106382122572
2000-05-13,4.68704587868285,12.420335800390957,9.232682104015812,-4.43132028859221
2000-05-14,5.008462977292353,12.586367405763479,8.771633308842627,-4.680374000079028
2000-05-15,4.0761811482575006,13.767024899446312,9.566839642779621,-6.832214596367237
2000-05-16,5.683392308954895,12.813977670410193,8.550365167930714,-7.010794139921958
2000-05-17,4.7198043671205525,13.125857651428005,8.496730675052094,-6.926400480284672
2000-05-18,5.347193617688124,14.007131661194355,8.962917566786844,-6.508556696606453
2000-05-19,4.920732493825224,12.94679145231771,8.62445442976458,-6.548788587132998
2000-05-20,3.099958368341011,14.089718368426958,8.686824123561848,-4.907023886240656
2000-05-21,2.374561311589828,15.438056636218036,8.913245811737367,-3.8749826491588397
2000-05-22,1.7221083915721738,15.324829689609617,8.901829719691161,-2.7330596050840565
2000-05-23,2.0432994908247495,15.579550930645743,9.680703358341605,-3.8961448774661074
2000-05-24,-0.8885190900677067,15.44953606147573,10.110448845957828,-4.42811563043706
2000-05-25,-0.8582221117573138,15.660603443512642,9.023108225802009,-4.996125998995789
2000-05-26,1.358081717573759,16.858692261841167,7.997230449314316,-5.091587798334834
2000-05-27,1.5191303907432605,15.787207797617068,7.7459345040875975,-4.764404012741844
2000-05-28,1.339047973602708,15.144356233219465,8.899895090856557,-4.915607085306784
2000-05-29,2.2985639368207265,15.966054553660534,9.125706803226967,-4.8855829809337346
2000-05-30,0.8611402193340334,16.050383653378574,10.277631080713416,-5.082413001767154
2000-05-31,2.1785358487747866,16.373044992330193,9.924999481161663,-6.195125231517146
2000-06-01,1.4086830775197439,17.49659759336818,10.38592591715955,-5.428446603329437
2000-06-02,0.5852436890051337,16.046009400061855,10.56463805604519,-5.528813869814417
2000-06-03,0.24891062235027428,15.716900861845286,12.05286559537322,-4.352871316619969
2000-06-04,-0.35685986083590804,15.48123144495258,12.081562289227222,-3.9327118274721364
2000-06-05,-0.8541282894425393,15.949679547584676,12.58465784388786,-2.490339624638114
2000-06-06,1.8145214317748508,15.59307416172299,12.42327096243684,-3.415160262771514
2000-06-07,1.5842636511653598,18.20080525866156,11.795082086700868,-1.8893421847824308
2000-06-08,0.25226330919515094,18.03404779850614,11.099354406742258,-2.4590066404485817
2000-06-09,0.4679418609446905,18.5449663516231,12.083775680950769,-3.4692989460275516
2000-06-10,1.0159136599332488,18.93529047606905,11.706279845817964,-3.7673684398664653
2000-06-11,1.313239686715111,19.70720804624093,11.115937464675987,-3.621287345385836
2000-06-12,1.3187252214431078,19.766296726226482,10.843530802663768,-4.144711388905138
2000-06-13,1.3556889689312344,19.76470750457661,11.338502126077994,-4.478122655781494
2000-06-14,-0.3935823708887527,20.861873293507998,11.078054518047644,-4.761319506967127
2000-06-15,0.1541767452858127,20.13367286383236,11.546897124844737,-5.029730770738323
2000-06-16,-0.018513927598687446,18.2502647110531,12.255994246946008,-6.693942223428119
2000-06-17,0.7818610404432484,18.655382902698566,11.048554021779188,-7.8223683915446
2000-06-18,0.1285181179503393,19.454815845587586,12.081660167266772,-7.6870183524560955
2000-06-19,0.13098733461662831,18.93839677632898,12.558302641839843,-8.479256789080388
2000-06-20,-1.07182820390069,19.247858751686813,12.934893870147201,-9.207002442270545
2000-06-21,-0.11815421809781601,18.385462789115707,13.216523673516603,-9.934467929659027
2000-06-22,-1.8557225451078514,18.311706857129764,13.117059852479397,-11.153021906929002
2000-06-23,-1.6875414529896784,17.203421380504757,12.030398403585261,-10.15522669316723
2000-06-24,-1.3988486298521106,17.477028720527098,11.07673224201782,-10.506066415495336
2000-06-25,-0.8389305618629065,17.077756485327097,9.283917417474699,-10.58650721069045
2000-06-26,-1.099223933209775,15.720580580095678,9.606204643690715,-9.13867679491798
2000-06-27,-1.178557979115254,16.16429818309297,8.880923260723149,-7.992323719412593
2000-06-28,-0.47827688661491274,16.986438196713504,9.93765890480466,-7.55458308399249
2000-06-29,-0.6057253392351494,18.18379888813868,9.138686810094413,-8.688029553696563
2000-06-30,-0.12545642695352305,18.579809730379598,9.524826235427687,-8.474746916370036
2000-07-01,-0.39581003286271227,18.635985066898932,10.173932846773512,-9.145755416203778
2000-07-02,-0.18157792645808557,18.60598065558894,11.517389339790482,-7.347993622601791
2000-07-03,-0.45012989707145495,17.65117911516996,10.974117157882134,-7.121311113931114
2000-07-04,-1.3914630081263286,18.325795122021916,10.677552606426024,-5.712993719838405
2000-07-05,-0.2123081333218284,18.848031857511486,9.26062156459991,-6.38955923079739
2000-07-06,0.7359352041407698,17.65964130644903,8.789537966357972,-5.829781276384563
2000-07-07,0.35552602350647533,17.736398925169077,8.25782380544985,-7.0120487204541995
2000-07-08,0.5434878174849365,17.820681526404087,8.383801324750626,-7.032459095589276
2000-07-09,-0.035693619371689245,18.000097706461755,7.25286301927931,-7.598211832584934
2000-07-10,0.787526249438045,18.65414848146988,8.014721459274934,-7.260010730894899
2000-07-11,1.5256114076210463,17.92202069425273,6.953384175121677,-7.851266124378926
2000-07-12,3.3300354627550948,18.283260858351003,6.636907057502415,-6.289279109173545
2000-07-13,3.1114497591510673,18.819900714406394,5.089159381573966,-6.450879272647598
2000-07-14,1.4430803874317397,18.148941199205442,6.003976460234604,-7.191488118611903
2000-07-15,1.9679756698528925,17.742710675926403,4.4911400466291065,-7.635346442170778
2000-07-16,4.263590842655157,18.122785024285854,5.692117480035593,-8.437574422657475
2000-07-17,5.982083829789297,16.837585314373474,6.629908628294837,-7.9754211331506575
2000-07-18,6.1939213503736426,18.086762503875992,5.4365203441971515,-6.675479200007282
2000-07-19,6.0107800433067045,17.74464988038323,7.284311333864078,-7.396071940504938
2000-07-20,6.502712785158216,17.57513631098388,6.749979228812279,-6.7619702642089985
2000-07-21,7.990117552038255,17.125299793307743,7.734484834032705,-5.596931930756513
2000-07-22,8.208402508390542,18.945479141043652,9.628772464173679,-5.307242345856876
2000-07-23,8.697517621296166,19.129732948604644,10.529586745070656,-6.224826105975408
2000-07-24,8.953781927672825,18.66458096797642,10.947085951350747,-5.6195292977861815
2000-07-25,11.187369457960092,18.13928075819635,11.875794102195554,-6.337926852679955
2000-07-26,12.126195009903583,18.79354288297595,11.052160680191127,-7.463999062289502
2000-07-27,12.118337335328055,16.088188094140733,11.738303420656472,-7.82112086147716
2000-07-28,12.45536474186781,17.06972894210188,12.902424460572236,-6.417577534994701
2000-07-29,14.473658346206985,16.454837581271537,13.525583991669821,-4.69724355215404
2000-07-30,15.012865334519747,17.245615969693812,12.108359010992483,-5.455021973033281
2000-07-31,15.647436001859065,13.703527674414602,10.960897929813347,-4.21244778375988
2000-08-01,13.622268659384599,11.623170436968053,10.984016546908215,-4.174844008022901
2000-08-02,13.234136602712242,11.288809401133673,11.966211231814503,-4.233380359951082
2000-08-03,13.05659982955692,11.944896704357943,11.4808881306453,-4.927579602657237
2000-08-04,13.41795675751947,11.815433632118497,14.101621580206514,-5.601510963994996
2000-08-05,14.104454349563156,12.512378469554527,14.246303051308248,-5.043620129550612
2000-08-06,12.352016144485724,11.165325425464694,11.987581364083962,-6.142304508092316
2000-08-07,11.250739335607587,11.128577122109656,12.410635945198472,-6.166582599114873
2000-08-08,11.002003572882986,10.155639608746128,12.226730852249055,-6.842451170305263
2000-08-09,10.702299983006709,9.682993416009525,11.48665041993277,-6.51171784973295
2000-08-10,9.41873186739993,11.096732660236729,10.181380359795158,-5.292735000608721
2000-08-11,7.907637768667278,11.41008655062956,10.868727916777807,-6.38439197380759
2000-08-12,9.831455708429143,10.879642182414946,11.552740834783275,-5.916950630576115
2000-08-13,9.017570213435354,9.998925692147825,11.339845065667717,-6.645971033981968
2000-08-14,9.469520084316397,10.888432059592427,11.357854436386482,-8.339980868458625
2000-08-15,10.27529988022317,9.941587924689522,11.356430319559596,-9.691382137477772
2000-08-16,11.660666458567455,10.469717862004133,11.75456854083703,-10.250918874895238
2000-08-17,11.669305503250607,11.339037722457226,10.68073792017767,-8.562205637414309
2000-08-18,12.004055966718408,10.149876216658571,10.875113509684828,-9.362320207119371
2000-08-19,11.126273639911004,11.281725286651561,11.248770026310297,-9.686091471215107
2000-08-20,10.450441470494566,10.722039033069075,9.80668242154245,-8.731814892373796
2000-08-21,11.652708547765542,10.198712642703423,9.463121884568183,-9.359030575884601
2000-08-22,12.110280364940465,11.035567625319281,8.259631606621397,-8.853014519815307
2000-08-23,11.28108850708845,11.356519316815172,9.447710357403835,-9.931647621216433
2000-08-24,11.10016357811257,11.351574190692329,9.609093815619246,-8.385000757385056
2000-08-25,9.786069140299324,11.350040494811232,10.451412217330015,-7.854273205767355
2000-08-26,8.96323290364614,10.285367157057323,9.384024362170804,-8.232232260140274
2000-08-27,7.700396316688254,9.828598888802299,9.267215251547531,-9.15353558133354
2000-08-28,9.733297114061962,10.394700545708607,9.355893456133575,-9.55840933101713
2000-08-29,10.204657102295531,9.106508507462799,8.51146314623109,-8.50051796854637
2000-08-30,10.54450498920472,9.293465569705766,10.311300225288235,-7.471241004663496
2000-08-31,11.248753244125075,8.95405937541316,9.322239710525889,-6.404432858636624
2000-09-01,12.903996946830812,7.92016058499774,10.181291085209173,-6.546574301079806
2000-09-02,12.093961214730337,6.508465216341159,10.152782222781703,-6.972508573698843
2000-09-03,12.856919332788282,8.122903341790916,8.937352250039705,-6.304251814162204
2000-09-04,13.159967248103053,7.49492870014063,8.816677520502367,-5.870304322246035
2000-09-05,12.47383027021612,6.863311708052996,7.975167297501846,-5.120834704516145
2000-09-06,11.690605455905303,7.047342388377548,8.879127845487389,-4.476413247345006
2000-09-07,12.086102036612205,7.145398881556927,10.201376586210849,-5.098335219333974
2000-09-08,14.084606280402296,7.227644733867737,10.392913691827895,-4.1725662714542455
2000-09-09,15.526866247218805,6.559147616383075,10.14856320554903,-4.015068272301182
2000-09-10,17.00971629167464,5.814214424200835,10.857432703980072,-4.206775432236632
2000-09-11,17.307190876958416,5.5696261967966745,9.696882677587213,-5.165595578784094
2000-09-12,18.258633370537062,4.024346356120345,9.663781248363433,-5.081778115817885
2000-09-13,16.532854229790324,4.215941566672491,9.22263955993984,-6.072699113543755
2000-09-14,15.723285803618474,3.794538769765735,8.618711756546977,-4.629215192006022
2000-09-15,14.249189419679915,2.7394568616781907,8.292159597241271,-4.950305392415531
2000-09-16,12.944875284559979,1.0526445268698057,5.496623774290373,-4.074914876036007
2000-09-17,13.292272755309135,0.2200136379315396,5.041426541926899,-4.144912338512385
2000-09-18,13.103274127869497,-1.3095568568669904,5.6525010119954855,-5.196123971462594
2000-09-19,12.736160445762847,-1.9830650564717534,7.174699740003566,-5.085138900898936
2000-09-20,13.612792572431076,-4.1886620685498235,6.316487044255987,-5.458670801665117
2000-09-21,12.648186359354614,-2.4237715181300614,6.327544921137668,-3.8010534184232583
2000-09-22,13.39355898726569,-2.111727444994959,7.216820630472579,-4.780004390409231
2000-09-23,12.90118040803452,-1.7030675706744083,8.631990532341618,-4.875201979183636
2000-09-24,12.3085682607432,-1.0956030558350116,9.181494395040277,-4.7188294642655455
2000-09-25,12.717593254572336,-1.0671298873690966,9.625062195506215,-4.933034451607705
2000-09-26,12.37620060173354,-1.81710105128841,8.403684759152629,-6.1462049814711746
2000-09-27,12.147714183775935,-3.025187723248645,8.407018785025679,-6.204290568514208
2000-09-28,12.335783749179836,-2.671267294673055,7.766793773506792,-6.0635083303727715
2000-09-29,11.845533153385926,-1.758521023583182,8.830715679490565,-7.993520815633524
2000-09-30,10.530242166664108,-1.8441546390912473,9.728226553640102,-8.180074402416047
2000-10-01,9.975431327419933,-2.867825254720586,9.622046498006505,-7.551408067233147
2000-10-02,9.155632021593956,-4.488274328540784,9.814293290083352,-8.205975582843715
2000-10-03,9.058955606195717,-4.2282806324699225,10.313323898453628,-8.522004141209624
2000-10-04,7.98765895451481,-4.578920710921721,9.503982922726655,-7.174564077508625
2000-10-05,7.007705190178557,-4.305216290388202,8.967339479868212,-9.00650579844907
2000-10-06,5.656850379448097,-4.52407933061078,8.967786397444073,-9.764178713349102
2000-10-07,5.1076557718407996,-3.3620098175671504,7.918478632849008,-8.853887425597334
2000-10-08,5.961444756963433,-3.3738459759514714,6.835256068642412,-9.590049431709547
2000-10-09,6.969115203363982,-3.4330503548052094,5.92105276230113,-11.022446615221448
2000-10-10,8.220043702055733,-3.4371664978000154,3.3948523375826873,-11.579129549267506
2000-10-11,7.396698833659245,-3.0695276287868967,4.59678781993956,-10.182427661998037
2000-10-12,8.12434387815907,-1.5666498915396978,4.050425788769566,-9.965517684711035
2000-10-13,6.943891793607148,-2.3293145498709253,5.080381032649594,-10.957463486467752
2000-10-14,6.113998285684613,-1.9343804342184097,4.489466241176317,-11.669665982366144
2000-10-15,5.439128150548788,-1.3542043856487207,3.4247359502214447,-12.075220776137229
2000-10-16,4.959275879061695,-1.8683471421456561,5.473290721048099,-12.499093989502494
2000-10-17,3.9876761868849355,-3.144161767871725,5.811727100000321,-10.928375073594959
2000-10-18,2.7141195399632823,-2.3136268427602626,5.0522269103153175,-10.968944608641243
2000-10-19,2.094479606695292,-1.9965995135611017,4.702832267892709,-11.318325118479986
2000-10-20,2.3692283353529167,-3.1248722000257305,4.067526768326573,-11.651319329474106
2000-10-21,1.9254984220541058,-1.869276431861959,4.339900346572379,-11.775181997407234
2000-10-22,3.4233948459067687,-1.6647030165796024,3.009823117243906,-13.546550122166268
2000-10-23,4.239888842685049,-1.5587958975731167,2.331322065089175,-14.412694346346662
2000-10-24,4.53814678389471,-1.060883986637752,5.582911409793008,-14.051544327075218
2000-10-25,3.910399265054369,-1.0269801550333921,4.578135131355999,-13.61307788813087
2000-10-26,3.146219465455821,-0.9476055294421769,5.258749512640042,-11.198285954399273
2000-10-27,2.4441804671588763,0.29911619207143947,5.176315514945226,-12.518178756958598
2000-10-28,2.1621369919228925,1.158583769674446,5.769686919445135,-10.875817673642493
2000-10-29,3.566996687406515,0.5613926786453759,6.00728477878442,-9.981096952353184
2000-10-30,2.439009944838058,0.21958268977638312,5.274345124089097,-8.94826735272116
2000-10-31,1.8432111939353029,0.49010397018040547,6.7825228214817015,-8.940586649307626
2000-11-01,2.902972703011089,-1.2001899191428478,5.965882200948864,-8.544917613687787
2000-11-02,2.2544982269210867,-1.5723061211486171,3.083519134094552,-8.693836897200349
2000-11-03,2.7131669788704946,-0.973098673127118,3.913033736300997,-9.804585329592161
2000-11-04,3.6692487279607593,-1.0329865166462537,4.63052107502478,-9.316011824998366
2000-11-05,2.123074728415566,-1.0260377071885642,4.892064197480987,-8.853894975364556
2000-11-06,3.039566990841769,0.19737789628750035,4.867227621535833,-9.47441135762038
2000-11-07,3.268811435829845,-0.559851713219334,3.2984159297914837,-9.614573733853
2000-11-08,3.3091506886539506,1.1688401639308021,3.5233678097008005,-10.984086315382157
2000-11-09,1.996298476122253,1.9278354099911534,2.9703752719605023,-9.42302549636339
2000-11-10,1.8409974949238528,0.2837180816552285,3.1137648533263995,-11.266444867538278
2000-11-11,1.9011939874584567,2.2391440231621678,1.231243481696411,-10.660306782477184
2000-11-12,2.065469522694394,0.8247775623689735,0.024946872787577234,-8.770208267243802
2000-11-13,1.3060695787579801,0.10269899813324357,-0.10952483885267603,-10.254094249986174
2000-11-14,-0.6370829674604963,1.933684734333853,1.2059307051452735,-10.406067324379642
2000-11-15,-0.14930809211336799,2.0421662845123687,1.4435463659177337,-11.001991032829316
2000-11-16,0.5545512404756869,2.7549236649637248,-0.572161746881308,-12.790978645330938
2000-11-17,2.0632085468415537,2.956521615455638,1.3897181140539965,-12.867058975861463
2000-11-18,4.48755870209393,2.682197117875882,1.6678023358616771,-14.40103511096748
2000-11-19,3.462888155458179,5.020054287636002,3.0947482824696877,-14.474281003042389
2000-11-20,2.1197969336085594,5.341814371318417,2.7510018828747365,-15.266943848644006
2000-11-21,0.631596600870231,3.150329946739459,3.864826622730419,-17.827983690323897
2000-11-22,1.44216440107347,2.982283447724271,3.7608850079950997,-20.044250127598794
2000-11-23,1.7451631660756846,4.473562249545651,4.226706934121128,-20.177773136869597
2000-11-24,1.4102201268322507,5.090510384714932,3.912716518122891,-20.010188961548415
2000-11-25,1.322743702781733,2.5061046917192304,4.042107627540448,-20.53836750186292
2000-11-26,0.15956221466241916,1.3151851850126994,5.366871350875734,-22.843562337052205
2000-11-27,-0.375829488173822,3.7774417094955366,5.33026744960559,-23.391106332937916
2000-11-28,-0.3766676361948353,3.228942172657088,4.130009365831344,-23.276826136143754
2000-11-29,-0.8137567428955417,1.2292133307768562,5.2467721413692985,-21.766807996178297
2000-11-30,-0.5240715578856052,0.421231722867515,4.400046407182227,-21.913369464199253
2000-12-01,-1.387961888805932,0.5432794520978135,2.312385741497399,-23.09634662700051
2000-12-02,-1.933892859580533,0.6693435357066445,2.0377679406271936,-22.469898272007136
2000-12-03,-1.382913600876977,0.031048689195443235,2.490095728537629,-22.239743066964945
2000-12-04,-3.2616532502173534,-0.7247308388847052,2.00651457957451,-22.266002582962237
2000-12-05,-2.3950273307471366,-1.0097873957876167,1.37932273370232,-22.66851309935414
2000-12-06,-2.955433181681742,0.4006898646309367,2.830949270796524,-23.00044180234125
2000-12-07,-3.53757935087572,1.06744613622792,3.8153586031904023,-23.0024801164159
2000-12-08,-3.3704605616131667,2.4083875883921455,4.009036949906311,-22.849808045255447
2000-12-09,-2.5485971455022915,2.5892761167820995,3.641471413183436,-20.856117592131515
2000-12-10,-2.432150883444197,2.9305506273773876,4.342921157902521,-21.008247639449216
2000-12-11,-1.692034881586956,2.723581839695857,6.111995746318954,-21.300446597957908
2000-12-12,-0.8848230820794055,1.6635405644247052,5.937710189103493,-22.372953719090194
2000-12-13,-0.6073159342384125,2.1489382864050266,5.469540324362692,-21.89602164261781
2000-12-14,-0.9448413414534833,2.4507817210473526,4.555957208553175,-22.787027582569795
2000-12-15,-1.02388135234078,2.181873381796375,6.4875878759393535,-22.832259692929078
2000-12-16,0.21020710604686066,1.119687027685706,5.358300844212364,-22.96876714760438
2000-12-17,-0.3879223245384571,2.7412450405139017,4.069721394194576,-21.3042833294353
2000-12-18,-0.2554143682451,3.6040246620614296,4.518436854132388,-19.205439936682993
2000-12-19,-1.4108975544157596,1.6040429697609753,4.659176698186675,-19.27027581255671
2000-12-20,-1.833267897205503,0.6217977998406645,2.566928483279231,-19.879522827664797
2000-12-21,-0.26698937294298153,1.5725577601448384,3.0214188980906247,-19.49984357596885
2000-12-22,0.32191519996670936,2.540315509496916,3.249359863346389,-18.373157195444243
2000-12-23,1.065106232596246,4.066763800701601,2.264802764278903,-16.76685730590281
2000-12-24,0.45464340080133514,3.258982442614631,4.226810843889195,-17.280377383914914
2000-12-25,1.1696808649679022,2.5828304373928317,3.634990429330415,-18.69258703214863
2000-12-26,2.0702587620655586,5.0016254215084395,2.6552434996192114,-20.10096768383562
2000-12-27,2.6995843599450637,6.484071114618822,2.3445721081217936,-20.388364412323444
2000-12-28,1.8683710413410028,7.17612775714689,1.115048565263745,-21.825457692407017
2000-12-29,3.4417743402918513,6.230322440506221,0.06289118763899437,-21.13497724529894
2000-12-30,2.897314720792403,5.7318179906731315,-1.1931944245274873,-20.86508491734608
2000-12-31,4.494564473339118,7.0669945120753574,-0.36814041964304745,-21.302609106585482
2001-01-01,4.313665332319863,6.8510269380473545,0.7077346712707123,-20.195769718197873
2001-01-02,4.342023336214044,5.167851333540385,0.612492719305076,-20.420513809474272
2001-01-03,3.8027014779270623,6.944207224079601,1.1616456455875306,-19.142851543894132
2001-01-04,4.006807520465286,5.31877677023933,3.266151474541011,-18.529598670314343
2001-01-05,4.298993759448721,6.1603969784654025,2.3892885141431206,-19.168229096550046
2001-01-06,4.478081380673693,6.557152866180427,1.3317931995129033,-18.83964420318149
2001-01-07,5.687370383286463,7.809539845530379,3.208301534933336,-18.690659075199928
2001-01-08,5.776877867164754,6.57322074863899,4.762238159503849,-18.42347946928631
2001-01-09,6.059492135931655,6.74533317529969,1.8252480334643089,-17.939948147423806
2001-01-10,7.497184644460402,6.894354571681911,0.623429124716542,-17.54350817856098
2001-01-11,5.74267237035564,7.978853111766977,1.7043394095593625,-17.963843117361368
2001-01-12,5.993519867562848,9.541818895403951,3.3119297915521333,-18.46221432940329
2001-01-13,7.035015506836074,7.838752298240208,4.9197009545000485,-18.38684854533536
2001-01-14,7.334406345457383,5.20145717945502,2.8656392824212245,-19.125428776195854
2001-01-15,10.726206381555855,4.509380020316209,3.253741251142077,-20.86944807912333
2001-01-16,9.924782602747634,6.307070127349381,2.8644804660166816,-22.087464447266434
2001-01-17,9.712723581075334,7.479220566962059,1.6613605375947456,-20.538123282440854
2001-01-18,9.26484125669496,7.504337391356841,1.727076449479375,-18.92035497797805
2001-01-19,8.3960441420807,9.423284415431386,2.4772226132676662,-18.596914198542425
2001-01-20,10.178109766751986,10.473243507466782,3.212161800203879,-20.023528877581033
2001-01-21,9.161807273632377,11.295663304936102,3.8140196378747073,-19.985645209340735
2001-01-22,9.252780246525335,10.700452580693224,3.0574793121286543,-21.34311213340553
2001-01-23,8.585804326643204,11.354601688811487,3.289980277552536,-20.814543218454812
2001-01-24,8.849293516305007,10.986860842105424,2.8906171915133303,-21.11761404087954
2001-01-25,9.47098986713877,10.582420007967352,2.8737326416440285,-24.259888888654807
2001-01-26,9.375735559325152,9.881352184822207,2.719005032032068,-25.748708907925803
2001-01-27,8.882442525559782,9.308280913074862,3.476123671635511,-27.63686792988215
2001-01-28,7.3730871077520534,11.398234932467417,2.7539395941630422,-28.06280740343625
2001-01-29,7.153936961243289,9.838981095310105,2.237542468878056,-28.342554589529065
2001-01-30,6.910039977899483,10.408862307904315,3.2926292122006586,-29.108627723304213
2001-01-31,8.63706043804688,6.731510538116346,1.32808563857474,-28.777073135257947
2001-02-01,8.918028271634006,7.099684725101222,2.6368832003647253,-28.37494105430485
2001-02-02,8.105887842787185,6.07821300608494,1.1776501357235023,-29.010296450457137
2001-02-03,8.137464850389348,5.144968224195731,1.1089766907882959,-29.668115662856806
2001-02-04,8.096987209201249,5.462717992673096,1.5554425611499014,-29.18777340622131
2001-02-05,7.9005619240049585,4.7922661795715955,2.4171241597729507,-28.741354680256197
2001-02-06,8.98915753129577,3.414728917967357,1.7327002674208107,-29.58511198745515
2001-02-07,8.446293665442779,3.5158083691855273,2.667989918998133,-28.649872453205727
2001-02-08,7.385066759042058,2.556812667969992,2.8231692077828674,-27.56557434874633
2001-02-09,8.667328525264,2.894171713079592,3.0729993306522765,-26.88757508912664
2001-02-10,9.225288769500816,3.7096961653721774,2.0434612869068207,-27.38140529560197
2001-02-11,8.56431583176519,1.5964447064806144,5.607574767600799,-27.99543231707125
2001-02-12,9.687186224863302,1.781520152663457,5.282269439653898,-26.179161398794168
2001-02-13,10.355318598028433,3.028356259982851,6.399434270434585,-25.49605180989938
2001-02-14,10.598019932835236,3.8851715993057185,4.818465820777966,-25.11418317835388
2001-02-15,9.544554560622515,3.4235954296020608,4.087194365971722,-24.840397565950614
2001-02-16,10.238201370442649,3.24039758592268,4.237418145463605,-26.48945387687045
2001-02-17,10.114363741077813,2.890440153304476,5.548421826725562,-26.175295960892228
2001-02-18,9.960319481262076,3.841379646042526,8.025543804771146,-26.22339252243614
2001-02-19,8.074187280386035,3.3052084261582033,8.372858018126589,-25.508860897221513
2001-02-20,6.953367222004005,3.5827809295363653,9.492359867777804,-24.773796238381234
2001-02-21,5.956019482304727,1.8240498380405685,9.87109088927969,-23.672024470394657
2001-02-22,5.9021118214034445,1.8760175148425764,10.400340710945287,-24.269026479086882
2001-02-23,4.917855970635524,2.053706971784647,11.13641294316028,-24.688099465456084
2001-02-24,3.6333399817741414,2.9023828944447114,11.590782400295874,-24.651696667269114
2001-02-25,3.3823551567159997,3.1092080920137106,12.016164272851512,-24.527948384160474
2001-02-26,5.00968856316543,2.9711392438500495,14.171202689575246,-24.03668182286384
2001-02-27,4.881415594848177,4.142703181727011,16.01312451889883,-25.466564302155344
2001-02-28,3.7031900884302824,4.227079928411224,16.345901622252846,-26.471613151383032
2001-03-01,6.3990593473311606,4.877022383975423,17.403024025617253,-25.781457673599725
2001-03-02,7.271479916535266,4.372907587284749,17.67134489332279,-27.004618822551944
2001-03-03,6.105620121943109,5.192485823358874,17.27583625113222,-27.771166375744905
2001-03-04,5.677253926637857,4.33276306280315,17.900859611741,-26.448740533177347
2001-03-05,5.995394396559731,4.983902500904697,17.1730815292068,-26.312465115480126
2001-03-06,5.917932871425479,5.288482835322486,16.81172989581281,-26.292482304230077
2001-03-07,6.311783958524808,4.123050959946533,14.881187497251327,-25.962872737833404
2001-03-08,6.862838948077925,5.19384554973495,14.123362921322817,-25.256947795730287
2001-03-09,7.242570417930782,6.9007923363638035,15.754810071506846,-24.657785291747235
2001-03-10,8.32484561093238,6.1498608492731295,17.3434914944269,-24.2541745448385
2001-03-11,7.741495602601789,6.884022659445402,16.071342847554888,-24.521097138128685
2001-03-12,7.642024876411568,6.088302246735803,15.477548206859039,-25.203052944156042
2001-03-13,7.127890823853938,3.9920461570835464,15.205306594098692,-24.694513652583773
2001-03-14,6.70483836523701,5.171427086020383,13.414939963118963,-25.321372888491148
2001-03-15,6.139131781040221,5.758354973277831,12.955201683037712,-25.780448973004482
2001-03-16,5.542742480148917,5.615559376273158,12.564638579892302,-25.100322019086246
2001-03-17,4.426420993109077,5.766642343587717,11.88873077184223,-25.5314761405878
2001-03-18,4.548584862569514,6.627454147471293,12.6003700859756,-26.312241681821263
2001-03-19,3.998530859345343,6.307037316815249,11.585916192250517,-25.66883902258313
2001-03-20,1.851268074595589,6.045458930041602,11.239671235290473,-25.90456794009829
2001-03-21,2.0005060285838705,4.988313586169656,11.473522499412924,-26.01819572762498
2001-03-22,3.0879209998631323,5.4597073567661285,8.118475184167345,-25.223169702739455
2001-03-23,2.2204252038432637,5.338569097991423,9.711479624777436,-25.124082923467043
2001-03-24,3.375595136978991,3.271623467675322,9.169958199625121,-24.974199076243515
2001-03-25,3.659198684021009,2.2008314775865294,8.53854504065692,-24.030705399987202
2001-03-26,3.80360323455386,1.7406124441370097,10.020074734949157,-25.30931161254556
2001-03-27,2.98348313035449,4.227664236154179,9.784362149507572,-25.683797988723118
2001-03-28,2.2549454764751817,5.303135998814536,10.01615884811168,-25.96704577741879
2001-03-29,3.991993137709446,5.550579034550158,11.434524020299008,-26.213186112411123
2001-03-30,2.672008067337483,8.00115050275955,10.138121399238242,-27.332015647145848
2001-03-31,2.069239807054598,9.2998568358734,10.873428492192085,-27.34902757292606
2001-04-01,1.6256546915113088,9.19420852825365,12.925258626517348,-27.116419001447856
2001-04-02,2.3486266352071903,9.230411193979448,12.751738492463815,-27.92987717784564
2001-04-03,3.4564252575295225,10.733969268212041,12.467820576317198,-28.36880609303747
2001-04-04,4.589201512777691,11.727216435443003,12.797681909071404,-29.312420092916305
2001-04-05,5.486214368142039,12.032622717727266,10.91468667759092,-28.524382722982608
2001-04-06,5.839838861777298,11.351258704753674,12.43102061831761,-26.897275767722377
2001-04-07,4.056180763686342,10.158417853187824,12.301864101866178,-27.535579181060726
2001-04-08,4.137094834277195,10.601578850638939,14.3694782732458,-26.976841296211198
2001-04-09,1.3118656449419923,9.027593690260641,14.046981056937891,-26.887625690639666
2001-04-10,3.3738647454549175,10.864008666433916,15.224959191897725,-26.64192115137544
2001-04-11,3.100716463931679,11.770626165066176,16.10137699305037,-25.34297401325613
2001-04-12,3.582132826704693,12.550157985686802,14.743947166275237,-27.03160784707775
2001-04-13,3.4363897030466637,13.531516128981465,14.87209071886458,-26.167563112068727
2001-04-14,4.014761967635876,11.253408988661688,15.545785211431957,-26.945614574204978
2001-04-15,2.886666558579411,12.322502111256714,15.340473805560741,-27.273364850055856
2001-04-16,2.9762247160857447,11.584662661135097,12.346399904265107,-28.738756529921364
2001-04-17,1.828743693871414,11.960006920159213,12.677460406697179,-29.193302115751315
2001-04-18,1.6914361580467978,12.780314804671788,11.219821654004976,-28.735306172663122
2001-04-19,1.4857493414422955,12.58761397922946,11.984844670717855,-27.155095215586957
2001-04-20,-0.2285750755513951,11.877941994140347,10.930299850701742,-26.838093489426363
2001-04-21,-2.0904319948484797,12.581111943528061,10.33425116151786,-26.463159244024872
2001-04-22,-1.7218990946491546,12.510652600845916,10.13292583253349,-26.83722065058232
2001-04-23,-0.924436518368348,12.038686149700933,8.078700652993607,-27.105825693105448
2001-04-24,-0.3201033117028397,11.396914614380393,9.859751230214494,-26.559762777240795
2001-04-25,0.20906293196447334,11.818183285573967,10.030319260856507,-28.175993516902654
2001-04-26,-1.11482071885063,11.85883091210723,7.908381771826331,-25.987177768082415
2001-04-27,-0.9115544946810672,11.567354330119137,8.217758199492282,-26.812519693077657
2001-04-28,-0.2822689399834376,13.392380827919265,7.241610075956429,-27.163834861825634
2001-04-29,-0.5929439877306113,13.099462640682637,6.78973980952611,-27.31303995541053
2001-04-30,-0.18234333656283552,12.363879082574883,6.531885644372845,-27.780269435641554
2001-05-01,-2.5098663184482284,11.376100419912024,6.7240504029762285,-28.858130657286285
2001-05-02,-4.514254008822837,12.604569473422508,6.5992765346479985,-28.544128020841345
2001-05-03,-3.9280324736757386,11.93205422313495,5.264950467575807,-28.687573040944336
2001-05-04,-3.344077124130731,11.760023167619822,4.347596716757389,-29.143617183095774
2001-05-05,-3.3472200573318798,11.958069089895654,3.3352225869186434,-27.745341754150715
2001-05-06,-2.5923708945051818,10.39993457052082,3.2015316297190552,-28.550356626990585
2001-05-07,-1.9034773025046126,9.963238538733847,3.229885329843186,-28.63256011021412
2001-05-08,-0.47774344137095937,11.478674793145156,5.053830818288968,-29.8698939150895
2001-05-09,-0.7920984688703103,12.03765389062818,5.8653708384495,-29.968859298395156
2001-05-10,-0.6050870692654314,11.860255316986043,6.434384805877331,-31.770138636022324
2001-05-11,-0.2941673428861994,11.55483005723494,7.062046736209261,-31.282477107740174
2001-05-12,-0.009711275729044122,11.061567279694554,5.719762255167103,-28.943142996790005
2001-05-13,-0.9604586031598299,11.143912113045202,5.8377091837717385,-28.94326816513801
2001-05-14,-3.155855355635439,9.885050303062417,4.196182267592238,-27.767218216879098
2001-05-15,-3.055397450526756,9.523154994516549,2.379454091733963,-28.326387570481874
2001-05-16,-1.9443184727609895,9.319558688352895,0.5656541262406218,-26.649016118388055
2001-05-17,-1.0751910642135538,9.337936484812818,1.8746250523124566,-26.163201020166184
2001-05-18,-0.7629579108701667,9.082851150369052,2.669603078512213,-26.121419107160154
2001-05-19,-0.6335806551528107,7.9305105632576485,3.134427728350705,-25.924788604989924
2001-05-20,0.6082208414807628,8.832781365475862,4.107808584494735,-24.82020271801209
2001-05-21,0.9995524944680111,8.9834554508935,5.344365721767973,-26.115636352079086
2001-05-22,0.5117016424042646,9.796706176200484,4.053497518566485,-25.270439998116903
2001-05-23,-0.3693434376759591,11.073711104918472,3.646808854933771,-25.90896594282878
2001-05-24,0.702960678283658,10.986280800358783,4.670962567773329,-24.437558799937648
2001-05-25,1.8251503592265301,12.225928787489435,6.08434679866441,-23.984043421498797
2001-05-26,4.442591291865771,12.841926874176854,6.399892054783229,-24.227801140288946
2001-05-27,4.577753635543912,12.72363843271716,5.480604481516623,-26.858711066103275
2001-05-28,2.680288751533106,13.62090537769108,4.442181379461578,-28.087341108383825
2001-05-29,3.920281554224046,13.699408398141575,2.7920277020829687,-27.651255044282273
2001-05-30,4.5643563621055065,13.50695043805159,0.7718912491398733,-27.5865817309173
2001-05-31,2.8446759501467045,13.914069602665867,1.5478813826331907,-26.898268014093993
2001-06-01,0.8488999054795217,14.422416563662889,1.0619852751471088,-27.747874748352228
2001-06-02,2.1585441237985052,15.046091668324898,1.5565870484620867,-28.028058620083712
2001-06-03,1.4715186006029954,14.266481655261074,1.11433662377665,-29.733951457449837
2001-06-04,1.873690981556572,14.66413557128718,2.429197300396493,-30.25225321890274
2001-06-05,2.667086748373653,15.772360977350342,2.4818732403410713,-29.769711444134195
2001-06-06,0.6518472387401295,15.115300714219643,2.4508349292656915,-29.76135488219213
2001-06-07,1.4952770703253178,14.80986185050339,1.5747270416044752,-30.405838881781577
2001-06-08,1.4934649610250603,14.797100720460291,1.8723297994185848,-30.950355263328625
2001-06-09,2.023209307249279,14.12943803153857,1.535316933562119,-31.445693606104065
2001-06-10,3.272436433078785,12.850482645527242,1.895944484858205,-32.72090634200018
2001-06-11,4.600532597994757,11.5264527474809,0.5656609721913262,-31.851121026369302
2001-06-12,6.163301736692802,11.526799949482138,0.89493674676935,-32.036327242152595
2001-06-13,3.9229348515636215,10.050637759486277,0.4747266949162242,-33.30391376006055
2001-06-14,2.84033834622013,11.336533181263576,0.19699125999633293,-32.56173882654481
2001-06-15,3.763597963427951,10.991624244868117,-1.093992871403401,-33.776819573656084
2001-06-16,6.162550670676895,10.514317480552794,0.5686550737705327,-34.5046770577615
2001-06-17,8.1543051918153,10.706786392000993,2.134861446945222,-33.333049070516765
2001-06-18,8.044500313596172,11.010645011378454,4.182646993276446,-32.92092528930705
2001-06-19,7.497630446519382,9.32348072355214,2.913727295840803,-32.61963451001694
2001-06-20,7.5712046635087304,8.942015057857768,3.9235545436361465,-30.555781289064356
2001-06-21,8.04943083691418,10.187412608954634,4.022925385662708,-30.351541342544134
2001-06-22,7.279535584222165,11.130934233116944,4.529637182193073,-31.35074307099506
2001-06-23,7.3852629275660755,12.479865557741743,5.130488770607126,-31.176847504451178
2001-06-24,8.455614652136656,13.190629611810314,4.412114184899755,-31.568015914317453
2001-06-25,8.141456759705965,12.876045374821492,4.036481596504015,-32.533456672357346
2001-06-26,7.7532782747353535,11.552734740510154,3.9932423738330853,-32.430804587451725
2001-06-27,5.770490044734188,12.097457779180694,3.772673144591974,-31.688082823432307
2001-06-28,5.01729232656175,11.827217393046189,5.112863008607737,-29.613869203641617
2001-06-29,3.6486578111733703,11.69458861699143,6.887284005905327,-29.192982490315014
2001-06-30,2.768742469672505,11.381508811270162,7.099651702892413,-29.93893473806083
2001-07-01,1.2220123095052315,11.184481842332035,8.862608061044469,-31.672694451345958
2001-07-02,2.043219719039081,10.574769025256824,7.879080345774752,-30.190580604034125
2001-07-03,1.4559345054402764,9.55065539849339,9.892420519340016,-28.892349961465644
2001-07-04,2.077394489495404,10.059201158710925,10.236924158345797,-29.261667509594602
2001-07-05,4.4454359065087115,8.656205727437653,9.428744258351346,-29.20312643203959
2001-07-06,2.9858347615853225,9.259104658112113,9.136403865572396,-29.354310042127704
2001-07-07,4.56964777421315,8.010326003008812,9.720859496334155,-31.015077704831043
2001-07-08,3.903496322072617,9.167573969576004,8.683391793761547,-32.6789524148678
2001-07-09,3.277354748084399,10.708895651130973,10.676411914903902,-33.04230336522167
2001-07-10,2.959566721052309,10.465396372848788,11.88018780084252,-33.39357690120955
2001-07-11,4.43480859436278,9.562894891964417,13.140841558462382,-35.27062566420539
2001-07-12,4.511366975238297,10.69730730036959,12.830857061677857,-36.351506190519395
2001-07-13,6.403076006677928,11.550307629563974,15.324788355388797,-36.36652625493121
2001-07-14,4.956888320659691,11.559595774432243,16.537004119162756,-34.170625750208885
2001-07-15,5.480177455687003,11.309075364023576,15.078807992510349,-36.662614476137094
2001-07-16,4.610946353902074,10.702105453166151,15.1282951880753,-36.18450402089198
2001-07-17,3.1343891220101336,12.249441200707022,15.75107264869191,-35.644003232698246
2001-07-18,2.6932115915902433,12.932411747178142,14.568000028027784,-35.394997368083395
2001-07-19,1.9555149960815377,14.538262777876142,15.631414244981794,-34.9555239685381
2001-07-20,1.9088748794541561,14.321790706267617,15.476903566081683,-35.3795849514843
2001-07-21,0.9860356311766892,14.628208748507822,15.494775108811943,-37.719697217970676
2001-07-22,1.3154760273749184,14.619513669648523,15.611149460170925,-38.02364879265629
2001-07-23,0.5416138612042544,14.768134554337061,16.207158983759808,-37.67987003715515
2001-07-24,-0.6779645847025745,15.56935739372463,17.314526063649403,-37.807139284911656
2001-07-25,-0.7655664774731228,15.095731480831837,15.722423675771495,-38.1433301234713
2001-07-26,0.8978477378566654,13.561096567526768,15.082321338252964,-38.345021069703115
2001-07-27,0.02903007677646363,13.310366516829617,14.38794218015509,-38.63969186829746
2001-07-28,1.3447045554113504,14.120866826692861,13.598390290875692,-39.90620143837836
2001-07-29,0.4260003939538587,14.381099926960102,13.037718277100806,-40.15591256741268
2001-07-30,-0.4184174193338135,14.781284032731767,14.192021222002591,-39.98010493146674
2001-07-31,-1.657918986433332,14.849833091482383,15.900194013998542,-38.870352051735985
2001-08-01,-1.1414081371557803,13.666596297344887,16.417936793198763,-39.976687403101494
2001-08-02,-0.0845134848459057,14.48202697080376,16.941438675792824,-39.02585786417313
2001-08-03,1.3623930243413,14.366719888385127,16.819773795963425,-39.6592077243127
2001-08-04,1.5860337107356612,13.905129737679331,16.345714681379295,-40.12351350172565
2001-08-05,1.2179490196761988,14.11758790682923,15.640869605729845,-40.75751636866783
2001-08-06,1.6442259031590254,14.069627134123845,17.790577160331814,-41.402014018164095
2001-08-07,2.0727854012691957,15.472356262791303,17.687808783221318,-41.87682328840993
2001-08-08,2.061776141947304,14.36522863359084,19.899771554697057,-41.98511755459174
2001-08-09,2.8543539843219774,14.80542803306341,19.22556699129629,-41.64056568312965
2001-08-10,2.458300085493234,15.196630857147833,18.724922988001243,-41.27603769107808
2001-08-11,2.79223508804472,16.094295702612637,18.262907472925576,-40.9427955312129
2001-08-12,3.9247142469692773,17.177965694762715,20.003417552974746,-40.808991837100706
2001-08-13,3.715875701458387,19.818994338412555,19.24960519940864,-38.094455912254986
2001-08-14,3.7343123731722225,20.649762666668572,21.417469002458958,-37.575165022862286
2001-08-15,3.0645070526720315,21.737811323145564,23.307907286526575,-38.6891705376905
2001-08-16,4.153216040636888,20.178008275192425,22.85596295406654,-38.6658783581398
2001-08-17,3.4049503705307784,18.713904880799106,23.42675466079234,-41.75498999683146
2001-08-18,2.4565138659928025,19.364083648997852,23.899328864484207,-40.9235036413624
2001-08-19,3.7048605573962883,19.65420921775409,22.601384626944704,-41.93557491099265
2001-08-20,3.2559618238502233,17.5523909039545,22.521320919520402,-41.64214704209357
2001-08-21,3.9460636990534432,17.547820898857704,25.131068760474463,-41.726232043700705
2001-08-22,3.150852937446388,17.574305738469977,23.783308888445422,-38.867143535517464
2001-08-23,2.593428205669844,17.23520170464554,24.228763019015,-38.54199176571357
2001-08-24,3.9882042142076877,15.55830175893176,23.630082163602097,-37.909692029932216
2001-08-25,3.240129644523855,15.276072638294231,24.500025280500985,-38.26739897085869
2001-08-26,0.9398831921337125,15.548214276515631,25.92103021478755,-37.63848823478739
2001-08-27,1.6453049046368016,15.209624650140396,25.611117796537098,-36.8982671172989
2001-08-28,1.343419729325748,14.558066799371863,26.74879031282756,-37.31188598408747
2001-08-29,-0.6347492309403024,14.164806175599567,27.032289409784074,-37.07689303895675
2001-08-30,0.12616195655035167,16.7090086556347,26.602281450890583,-37.699796802729765
2001-08-31,0.2926211192321601,16.78158323276493,27.328328376029763,-37.44471956386651
2001-09-01,-0.11998611537825526,16.911197623529276,26.747576144700453,-37.82466987575702
2001-09-02,-0.2104151711396552,17.419489567258587,25.05414866044886,-37.697007652441926
2001-09-03,-1.0290385681627305,17.2249317454966,25.14356603344701,-38.4288889006417
2001-09-04,-1.2920296166581484,17.325691366437812,24.558973275889727,-38.851545725785925
2001-09-05,0.6778375456619736,16.913723001551574,23.125138104758477,-38.03254399262464
2001-09-06,-0.817526550565735,16.548218297953998,24.038824680729086,-40.367953747883945
2001-09-07,-2.413581207778318,18.351543467818406,23.64539875135858,-40.0715618529573
2001-09-08,-0.6046862083891773,18.68354526422326,22.457613277331937,-39.79174039573671
2001-09-09,0.3075434129349648,20.027325147800223,21.068953295658517,-37.70559138951823
2001-09-10,-0.7867024210656661,20.81826295349555,21.276313215259997,-37.648724388709724
2001-09-11,-0.22300143321568555,22.02575989308732,20.499728060757004,-38.811926438532794
2001-09-12,0.11054714987031444,20.815298099486313,22.213600228503417,-39.11969788159568
2001-09-13,0.6987118538757597,21.505954656460872,21.07800624943033,-38.699061086165955
2001-09-14,-0.24979811144501218,22.40659749874057,20.82288152055478,-37.44618525188339
2001-09-15,1.0467894194686926,23.52336861364251,21.037192052864473,-36.83421157610502
2001-09-16,4.1990399934810565,23.98689045057955,22.178042337300692,-36.079168740643205
2001-09-17,5.899530260481293,22.47019897323853,22.39787198723469,-35.958033126597606
2001-09-18,7.4673369713749,22.45502701962758,21.68110355558661,-35.73274266933322
2001-09-19,7.283704238386935,22.255666154847354,20.6685402295408,-36.672487737962776
2001-09-20,6.998290954784535,21.215876796663384,21.40161506317543,-37.434935291743024
2001-09-21,6.367332464195536,21.906011315426788,20.107468451003534,-38.00931490134016
2001-09-22,5.583981367470613,22.06722162995863,21.621599322931083,-39.435137238204995
2001-09-23,7.348903077694226,21.509281729920527,22.335357231732832,-38.901931935057654
2001-09-24,6.865288233696875,21.143524806335286,24.260440120167498,-39.83886907125043
2001-09-25,6.840889434389983,21.97985562895532,22.855994667167117,-40.8313114240698
2001-09-26,5.54125506760077,21.82798020872618,20.859943310361725,-40.689984505789035
2001-09-27,5.2660137564698974,20.35244496198176,21.694584887840897,-40.34003438345022
2001-09-28,4.98251659730361,18.928511005740308,22.99752128627697,-40.1445043021444
2001-09-29,4.415219686379223,17.17241763781502,23.333079946409278,-40.12088548669755
2001-09-30,4.144474378397472,17.093604282693025,23.50490376126787,-41.01001714283453
2001-10-01,2.4768498387522495,16.192382072803987,23.479566411410723,-43.58556706211334
2001-10-02,3.5796457523801783,15.145198689150973,23.641106104052504,-43.02085197900282
2001-10-03,3.6038945331384844,14.450831064047131,23.599589032951993,-42.796228233198036
2001-10-04,3.6831293138569534,15.20952964528024,23.70083469609317,-43.02467837449854
2001-10-05,2.820649933094266,14.516307648103712,23.41732546524297,-42.08994566918285
2001-10-06,1.4783155353472521,15.159303819851264,23.09204123178864,-42.364885821217584
2001-10-07,2.6563817288762124,16.061721004884156,23.481593755545404,-42.898189185360145
2001-10-08,2.5708771416691922,12.960599512074063,23.547902931626165,-42.95770371795224
2001-10-09,1.8087751267393422,13.21603299987588,22.009562866439747,-43.30858148517936
2001-10-10,2.695347527449215,14.747627676902347,21.71360121501128,-43.198721153655605
2001-10-11,2.2217538190843715,16.479716123388055,21.1620538215167,-45.59295740718856
2001-10-12,2.578791050042619,17.040844252329254,20.249531615824488,-45.447976291457124
2001-10-13,-0.008255207579185075,15.090978463900303,19.06495419329777,-44.00919450509464
2001-10-14,-0.2761273360244226,13.940131532294323,19.119804043682628,-43.01378177280528
2001-10-15,-0.7294649428274218,13.328106587199073,18.104325060962356,-43.360381351937434
2001-10-16,-0.5712552922343697,14.824493546247751,19.813156744013565,-41.51065108080395
2001-10-17,-1.540831485457229,13.75606338627657,19.07837510150593,-41.93773637130016
2001-10-18,0.2184470640066205,13.445109895387072,19.226210464124513,-41.203752797209354
2001-10-19,0.9744594539538174,13.681380058057506,20.018077347011687,-39.395889697801074
2001-10-20,-0.47223356347372736,14.061829581698587,18.295716041675835,-39.82673567284862
2001-10-21,0.4659478019296055,13.990647566597792,18.983383515162984,-39.875842513091534
2001-10-22,1.0819220569419006,15.30334284784935,19.24139898727459,-42.10548731331403
2001-10-23,1.8798603733438102,13.553475613423057,18.76276662761451,-41.292500531489715
2001-10-24,2.4315214318391214,13.421086621894435,18.52114955139714,-41.89707885279576
2001-10-25,2.1786347637155576,14.448501930886675,18.162383122169402,-42.05185472236207
2001-10-26,3.435964874007652,16.486728316901605,19.891995988651235,-40.57163591303492
2001-10-27,4.930761336270929,16.506119501668596,20.533058962901944,-41.3606718645112
2001-10-28,5.47834238022178,17.37711114869437,21.270950701927806,-41.458354191863435
2001-10-29,5.5778575310297756,18.12248875339966,23.391931382469586,-41.922899283053546
2001-10-30,7.722112322064204,18.58949776766005,24.729645902787993,-41.417587410852256
2001-10-31,7.561880859501851,19.57278687932416,23.661957163665214,-40.019161083273765
2001-11-01,7.9475478051969555,19.20790897583906,22.793278021178683,-38.996414559374514
2001-11-02,8.386986454623754,18.83972510557397,23.8119933062569,-38.20754056064484
2001-11-03,8.80731981123223,19.145088109684586,23.182505228009166,-39.249623379693965
2001-11-04,9.44696665030459,19.770193843297314,23.228487395899876,-39.01408017915231
2001-11-05,9.573297084116351,19.035171046940462,22.505438157589857,-39.21073537034037
2001-11-06,10.165865406428663,18.102666996652466,23.74629742183871,-39.271716944047014
2001-11-07,9.259421850150483,17.022163176009375,23.49778146116686,-40.32528740048173
2001-11-08,9.087726434786171,17.499093841302944,23.81007926686891,-40.20165848513136
2001-11-09,8.05210916507921,17.18697734996162,25.548593216673705,-39.56649915138937
2001-11-10,9.683595899683706,16.627242972878577,25.453725888955972,-40.190522355588875
2001-11-11,10.59229532627845,12.7484919868093,26.135110111096463,-41.271414345914124
2001-11-12,10.599591609773412,12.755342792674528,26.2261350232364,-41.786600527222944
2001-11-13,11.50817904475371,12.045141562355694,25.12721949749163,-41.971379900109625
2001-11-14,10.439312001172942,11.986557094714271,25.937946942031186,-41.99891213688777
2001-11-15,11.721370850806975,10.303918703582042,25.148810533375556,-42.40022222373304
2001-11-16,11.564186921182095,10.035207531572283,25.02356358280205,-42.62095942215576
2001-11-17,12.773659350942737,8.904092949540265,25.93700114391534,-43.28872695196455
2001-11-18,11.45040977024961,8.652123864343867,26.413595709037843,-43.30426316094118
2001-11-19,12.9488009731492,6.8474782516693296,27.214983926661642,-42.72514592014417
2001-11-20,11.8190488409458,7.431720370742486,26.739567410354272,-43.023142773037286
2001-11-21,11.243686961823485,5.850999323732335,24.97803928414263,-44.5237159675883
2001-11-22,11.291803595168732,4.566129779202773,26.573532860287393,-44.68023546161642
2001-11-23,11.50017201965122,3.3674669658524294,27.77057606820413,-44.71831384085939
2001-11-24,12.614757523915621,2.6029633873906137,27.157553338331546,-43.59036994143741
2001-11-25,11.404536195201644,1.2588835791052675,28.010233935719846,-43.94699148369231
2001-11-26,9.063904023440632,-0.04599704742180455,27.600793735758195,-44.983994152456184
2001-11-27,6.409499643810721,0.6256068334745619,29.64388245028759,-43.623204965327886
2001-11-28,6.723048673760997,2.6711967432002863,29.45956522622934,-43.23915808289401
2001-11-29,6.542822459334979,2.851190561333915,30.345087454884435,-43.374119671947504
2001-11-30,6.113993660480421,2.9981359425278304,30.881021281290515,-43.40063888105969
2001-12-01,7.636334503156239,3.3436266305153612,31.55997135464485,-43.12556371579952
2001-12-02,6.923751004419078,4.858481296685281,31.852698609393038,-44.13282090816693
2001-12-03,7.1456859808318836,5.082023081535176,31.186812183513272,-44.499286541557964
2001-12-04,8.77900693412004,4.687629249939295,31.980048687181025,-44.100279894828056
2001-12-05,7.691126566684354,2.920359213200012,30.945820146635988,-44.12670837852933
2001-12-06,6.038544862569639,2.27540799415631,31.420178954818606,-44.92405461082133
2001-12-07,6.900054324313759,3.350891385040301,32.86642569875204,-44.80328988664636
2001-12-08,7.635456773634418,3.4394363015981995,32.34711421484201,-45.40690614545041
2001-12-09,7.525764088553408,2.878328612445927,32.25380084999964,-44.912993498108094
2001-12-10,7.854623204583181,1.3688700015746191,33.18758015738616,-45.98279651926233
2001-12-11,9.038898398481134,1.485064947570818,31.468423813564723,-45.98267352878735
2001-12-12,8.553688182700666,0.31510092101132603,32.47519938991235,-45.26113004950338
2001-12-13,6.760993048128385,0.22981850514178315,34.29217343531604,-45.48775237055337
2001-12-14,5.500741894789786,-0.9113027642654479,35.73256539397916,-45.08373586040296
2001-12-15,5.759933334557299,-2.3158648160507065,38.2269975421348,-44.43368853374502
2001-12-16,6.439880327715535,-2.492565158010078,36.997088476526294,-43.86660404682294
2001-12-17,5.833023994799895,-2.446095119585144,38.10907681109507,-44.36493542672769
2001-12-18,5.585971227836602,-2.8993426368084854,37.69778382296732,-43.505339012511556
2001-12-19,5.126111132407819,-3.225587505889669,37.42875440074995,-44.25132800318578
2001-12-20,6.251843993137263,-4.901169957140163,38.18135540666354,-44.69203956052208
2001-12-21,5.309537131050973,-3.802065913601885,38.028163629076865,-45.44547740664003
2001-12-22,3.9010301081269336,-6.163560875314425,37.57359780628161,-45.27813214011931
2001-12-23,4.118340981229094,-5.738212473188759,38.516480215783346,-46.51969810057493
2001-12-24,5.056120233289881,-5.367265022235557,38.15291484608096,-47.523422954194544
2001-12-25,4.642181979728939,-4.354661393513387,39.81965838526632,-50.348658392403976
2001-12-26,5.6304527232439545,-6.4995610787038665,39.924200843213534,-50.856039680194804
2001-12-27,7.000183875998797,-6.359990599072762,39.91644599920157,-52.014013796048516
2001-12-28,8.26971691815013,-6.364284735934223,40.28930266434938,-52.338138155193455
2001-12-29,9.509645299658155,-6.808524550162231,42.146408586937994,-53.29671282879595
2001-12-30,9.791532406897083,-3.8786047825735945,41.24461022227408,-54.255774675835
2001-12-31,11.721189854721874,-4.490645616644903,41.35463341129101,-55.62311334820926
2002-01-01,12.380454889076988,-2.6031507988732483,41.257124158493305,-56.16126916687212
2002-01-02,12.793735613558926,-3.4177110429490813,41.26288451692747,-56.14901185662467
2002-01-03,13.665465634412902,-3.451308865376684,41.680753692601556,-54.547591357984
2002-01-04,15.00724923082706,-2.4729378069211583,42.07844688637188,-53.8144276364606
2002-01-05,13.723069993971974,-2.157134035625379,41.28933259319215,-51.99308107618087
2002-01-06,13.338134354079386,-0.9269238530468413,39.70259763588812,-51.32875792341076
2002-01-07,14.062392391121607,-1.2679156779219973,41.42284247274349,-54.36512003611437
2002-01-08,13.642185690920224,-3.386304489898902,42.452705622224954,-52.92656263010921
2002-01-09,13.566717794588698,-3.3776999080202668,41.21145180598885,-52.18218963953797
2002-01-10,12.630980869358313,-4.151997655565966,42.95702594700923,-51.14194464375774
2002-01-11,12.45724106345373,-4.113107984662921,43.156467888600986,-50.59758686145399
2002-01-12,11.261109135435294,-4.49644297733262,44.2007032077987,-49.56015579407843
2002-01-13,13.041134855883517,-4.520131448030216,43.832351096342464,-48.359538119677886
2002-01-14,12.766121930757324,-5.055204400172291,43.40020156618697,-49.59147223202424
2002-01-15,12.931983901093702,-5.138717816856843,42.077607182688205,-48.80658060446456
2002-01-16,10.803645794293208,-4.504268560622546,42.005519642661355,-48.589233445418145
2002-01-17,10.235673277347566,-5.022319132885674,42.05780823636296,-48.39531178128423
2002-01-18,9.724578625807341,-6.5740038979575,41.338335332163,-46.03948689199624
2002-01-19,9.816562041799214,-5.897106359683712,42.85620654024807,-46.97850830823176
2002-01-20,10.578816914387026,-6.978294643107434,41.220288629867945,-46.30391718916495
2002-01-21,11.855846067061798,-8.22813999519041,41.246276506667805,-47.415604996353046
2002-01-22,12.608409839431792,-9.36520718504547,41.75235519898312,-48.40703507008902
2002-01-23,14.970330268485093,-8.11921084782725,42.442783814487555,-49.39736482976755
2002-01-24,16.888971928371603,-8.113632062637675,43.94759168027454,-50.0786432242685
2002-01-25,14.801836327019068,-9.657332819987152,44.932144322273324,-48.4437864041058
2002-01-26,16.330734067448734,-7.914384984677253,44.11630360187201,-48.766346571305284
2002-01-27,17.771314937610637,-8.559362525705309,45.599148556778765,-47.61325233419032
2002-01-28,17.701507022604652,-9.376810342638297,43.65770682997387,-47.10875861774887
2002-01-29,17.24705214830011,-9.927940275090345,45.23243035643487,-46.51725491886303
2002-01-30,17.514828191552965,-10.492313545090479,43.51193376006579,-47.95079631362489
2002-01-31,20.298709612389555,-11.979522618692142,44.91943767596635,-47.83413594607149
2002-02-01,19.64210166737576,-12.3885682511957,43.65560866552349,-50.034515104378215
2002-02-02,19.64649397907744,-11.853477142403822,40.484010313302036,-49.8104020062807
2002-02-03,19.150234841512606,-12.818534917786145,41.457830876407805,-48.05888613662023
2002-02-04,18.641532902140174,-13.575007827693,41.48151046473928,-45.221343967183195
2002-02-05,16.88443640428545,-12.64867034299721,42.581339352971774,-44.36440164595147
2002-02-06,17.141888774406855,-11.726077595103433,42.39488376239799,-42.16292106876311
2002-02-07,16.261577962535938,-12.015598454363195,39.282100902355346,-41.94131487448098
2002-02-08,17.681041512322604,-10.064450367323088,38.155477949312974,-41.95259609193218
2002-02-09,18.442340839392834,-10.20939968665341,38.24623078756944,-43.923759442811956
2002-02-10,18.418827529787396,-11.396305207416745,37.371010392956094,-44.777888755961655
2002-02-11,18.04527948118532,-11.235090482492692,37.19393434322851,-43.214753148303
2002-02-12,16.950582452897056,-11.734777495484213,38.19533732577125,-43.56794068448826
2002-02-13,16.27535280849969,-10.885513134823094,37.027003953863115,-43.491536506757654
2002-02-14,16.70520142899487,-10.399374546001846,35.50060104046634,-44.02852234818942
2002-02-15,17.753223990719487,-10.905183168378837,35.6191078814493,-43.791659423630755
2002-02-16,17.155056254052088,-7.914607318621641,36.429881583358735,-44.17220688813328
2002-02-17,16.381822247979887,-9.868822730031386,37.043295741055935,-44.622151620310774
2002-02-18,16.005419978354496,-8.520507304537198,36.924173575146064,-43.67678677320918
2002-02-19,15.722879290810843,-7.860313277515974,37.0572951238,-43.77497605083415
2002-02-20,16.199396260665637,-7.001810918549524,38.49361651427546,-45.642051956466275
2002-02-21,16.885783677647225,-7.446370870672795,37.29456022223632,-43.60194179167825
2002-02-22,16.807594160053043,-8.614405585866763,38.489309898263386,-43.57856322381746
2002-02-23,16.77984321878108,-8.149285851655405,38.93060023135354,-43.26757788908254
2002-02-24,16.710448524934062,-8.440217988340148,37.303581070690115,-44.63717036405049
2002-02-25,17.113035141565025,-6.356311671582951,35.62645745107459,-43.703502481823904
2002-02-26,18.187649860888193,-7.083536207229984,35.72642545133578,-42.62950921208707
2002-02-27,18.810072230359545,-9.100565383872834,34.925143230124114,-41.86631458220437
2002-02-28,18.88491746271473,-9.224711860084685,35.21119720726459,-42.371338807833816
2002-03-01,17.920237355299463,-8.434846752679189,35.66672670769271,-42.15544353534914
2002-03-02,15.78159412569513,-8.416902719953693,35.71693274097117,-42.42272188664918
2002-03-03,16.234424342060077,-6.400986390018617,36.457517194559,-43.532828313387455
2002-03-04,16.89696195405737,-6.312798531869865,36.854521309371506,-43.33943017675041
2002-03-05,18.210676566487177,-8.12702528948964,37.83181622427772,-43.35632070739994
2002-03-06,18.42584415135267,-6.005981840119283,36.80074469975386,-43.81343809772749
2002-03-07,19.834965883640745,-5.727669985667488,38.22804926920752,-42.38035875283151
2002-03-08,19.357542205005327,-6.515276070527284,39.85445325249065,-42.92410699611887
2002-03-09,20.46325593157957,-5.6772840344922155,38.18460969248735,-41.4398213040699
2002-03-10,21.132517645774463,-5.313341337960287,38.874954175536836,-41.6791527450738
2002-03-11,19.38736465747735,-6.160835918904106,37.921767441679066,-41.370220277273795
2002-03-12,21.628966672964626,-5.11788987326041,37.616644287394045,-41.143956988199726
2002-03-13,22.27684421932128,-4.595136851235692,36.04168315481056,-41.13356293568308
2002-03-14,22.770380596694,-4.36188057660518,37.049587512203445,-39.378674978176996
2002-03-15,23.797482473815606,-4.43320446968884,36.92621235870863,-38.494396634247416
2002-03-16,23.312516015704517,-5.099633155934474,37.12281143586923,-39.11361016322113
2002-03-17,22.72151038658245,-4.689191046729906,36.04407808809047,-37.86611357471221
2002-03-18,20.17674861295389,-5.521108333124122,35.18501781332187,-37.12456087202327
2002-03-19,19.71279267765258,-4.670918601613097,35.71937745701591,-37.2287745554533
2002-03-20,19.754766528813587,-4.867984801781588,36.13578713704858,-37.25993107840673
2002-03-21,20.991668110903934,-5.442326398869593,36.50490901162411,-37.501067142929536
2002-03-22,20.331126051455666,-5.662236269975174,36.66678015526801,-37.17644527226247
2002-03-23,20.71757573581083,-6.6171296478798975,37.84638061076975,-38.06556315217671
2002-03-24,21.22412766141541,-7.38065657629107,38.737811275528394,-37.88332282999112
2002-03-25,21.66987950804635,-8.094871616287344,37.96315444441433,-37.03495688282819
2002-03-26,19.29462602978004,-9.531716655697977,36.93669288544183,-39.32597079179469
2002-03-27,19.14730268443764,-10.681340561891627,38.34779871735986,-39.78390411695937
2002-03-28,19.337810446191362,-9.835886083089415,38.563944417681064,-40.56061716053284
2002-03-29,19.918679820456635,-9.035741036682916,38.89958452433934,-39.59616731714199
2002-03-30,20.846156209716852,-10.10856646340153,38.90039975214797,-38.15206742808283
2002-03-31,20.241669071003827,-9.685173210148974,38.353067217317424,-37.3193704137191
2002-04-01,20.43433525946707,-9.76685234670353,39.0951069584461,-37.125140440913896
2002-04-02,19.524640334177526,-11.32803679064048,39.532842765819474,-36.435160780783164
2002-04-03,19.97019996494697,-11.67295419374783,40.18862326155187,-36.037947904005236
2002-04-04,20.56699605218251,-12.420908983280997,39.54760765788619,-34.567425997819726
2002-04-05,19.159985304761722,-12.075648856902085,38.13106556725648,-34.45929217977195
2002-04-06,18.925693011329454,-11.783036143151275,39.866984896371996,-36.02285485052277
2002-04-07,18.703360478426994,-12.279637772878088,39.830672525704564,-35.61926656590049
2002-04-08,18.08132849136581,-12.397635333916067,38.707977398688925,-34.65679760722804
2002-04-09,19.32626332710282,-12.933391726725038,39.130871903853944,-36.01470606123937
2002-04-10,20.474375875010743,-14.742931404449637,40.301574630162754,-36.76160564188665
2002-04-11,21.328861967665976,-13.531980046339262,40.47748961744194,-36.3081515544431
2002-04-12,21.68881948241756,-14.264412482549464,40.96163282338238,-36.447600629398316
2002-04-13,21.807615666271882,-13.712710361672617,40.12627364450008,-37.35758016975813
2002-04-14,21.295706642740836,-13.854630224286245,39.39996354299903,-37.94470754766397
2002-04-15,21.547026007608153,-13.06892261394155,40.94602540511509,-39.95350484873955
2002-04-16,21.69484898239015,-12.99194500483492,41.64879894551297,-41.30800630747656
2002-04-17,23.38864361855745,-12.532598390549103,41.101132186303715,-42.253492466780614
2002-04-18,21.57624860853985,-13.320035782067787,40.70218645113436,-42.72281652492354
2002-04-19,22.021815277524503,-14.245701676006718,40.805732844732695,-43.45060805242559
2002-04-20,22.796804405021202,-12.870306070867493,39.61676900897769,-44.226273825885784
2002-04-21,22.595161527614735,-12.39208466024101,40.962407709356974,-45.65523028219961
2002-04-22,23.61733349206309,-9.855576042945238,40.81347080591208,-45.84317513650174
2002-04-23,22.91462088737361,-9.761212723775193,40.067393460312594,-45.28355949546917
2002-04-24,23.360291546669732,-10.789221176051372,40.813210587913105,-45.19338555769715
2002-04-25,23.284329791564634,-11.829858131533669,39.66501874449512,-45.89543481206166
2002-04-26,24.221977133584613,-10.870161441669476,41.56848814554351,-47.42110068512363
2002-04-27,23.33861033706565,-9.457638753284186,42.579022783102026,-45.63567077597744
2002-04-28,22.85419798102371,-8.677285849265798,43.554685266333394,-45.09393949882983
2002-04-29,23.385376551995975,-9.571435646703911,44.85620345428303,-44.49876821980808
2002-04-30,23.354739003392556,-11.063435082407825,43.63199179608096,-44.33546002547014
2002-05-01,23.499524671017955,-11.573285105302253,44.290528853813086,-45.12409452458359
2002-05-02,21.872439248565023,-10.699921199252843,41.41281692415913,-46.4134614151725
2002-05-03,22.47684195555144,-10.523081479528093,41.596372502677745,-46.643712766743725
2002-05-04,22.809650399204322,-10.310803059019248,43.005047617171805,-46.530798243499326
2002-05-05,21.264685308991634,-9.105852549084869,43.64517728949409,-44.9547806480328
2002-05-06,22.39229695105768,-9.23521065902002,44.442025537733464,-44.13293832204153
2002-05-07,19.808749616309914,-9.480014067335365,45.17141154905135,-44.36133059808318
2002-05-08,18.798700361816007,-10.915420478378959,45.53705231568563,-44.6432481515775
2002-05-09,19.43917376395578,-11.850320392296798,45.63797870882224,-45.21199354579143
2002-05-10,18.819435292815854,-12.035432221468255,46.40452858388936,-47.67319669212428
2002-05-11,17.649924648284255,-11.516600903950756,44.98357809889689,-46.928910827663024
2002-05-12,17.555221199721423,-11.630700409756496,46.158938610220495,-47.05353394227034
2002-05-13,17.70227393306291,-13.229863067598991,47.0774193653691,-47.611881547273754
2002-05-14,18.56177995159371,-13.162139173077462,46.103240358775444,-50.25145016150895
2002-05-15,17.79447039815258,-12.57635919111385,46.763643325815224,-49.74341748047558
2002-05-16,17.634906034173383,-11.475997165389073,46.27834901634655,-51.60956238631175
2002-05-17,17.730600294557885,-11.119988959623113,45.852125424220695,-51.88634106049224
2002-05-18,16.640442284927623,-10.729638233981943,44.82822667759525,-52.650927675249434
2002-05-19,17.042689841667542,-9.786118227284938,45.71178095711436,-51.88141678983672
2002-05-20,17.382903070968602,-9.204440436764694,43.91390902592919,-52.10369223842268
2002-05-21,16.11979614085669,-9.653569604693521,42.99504156002558,-51.47695633879156
2002-05-22,16.006782254071027,-9.073713926569976,43.10761908751987,-50.72957291112917
2002-05-23,16.49860350766933,-10.521549904954542,43.59878606744378,-52.45778726146012
2002-05-24,15.481591536613674,-10.213635056728968,42.9658207423452,-50.991107346755726
2002-05-25,15.538532452742794,-11.598410102343324,43.041053483508655,-51.954519993444926
2002-05-26,17.42980767096415,-11.475186810710783,42.62587363839766,-51.30346913252546
2002-05-27,16.005821251128452,-11.752050907948266,41.921572637962285,-51.09085142043756
2002-05-28,15.758325069012884,-11.461412388298152,42.53188323461918,-52.23162146875537
2002-05-29,14.685057116562868,-10.30206701831619,40.10142933262207,-53.475726805237755
2002-05-30,15.046824856412375,-10.98936067010496,41.24397788564589,-53.517651799896335
2002-05-31,15.62351219070481,-12.397633719657575,41.3004377181126,-52.53116254632606
2002-06-01,14.790716419684319,-13.111464356470885,40.887759844349546,-53.76449351856502
2002-06-02,15.268554956118804,-13.789824507068987,41.097979764501474,-52.034170862349356
2002-06-03,15.986307618342314,-13.641111503324534,40.48919102537814,-51.813420797094736
2002-06-04,17.359888934775253,-13.001292156116612,39.86874497728283,-52.54492269512906
2002-06-05,16.908230812131187,-11.82105271168895,40.54948342832176,-52.792449144550915
2002-06-06,17.650453514174032,-11.34910454649456,40.93956940245494,-49.921863108193904
2002-06-07,18.05189906264262,-11.184638016963227,41.66239654089194,-47.101345897345475
2002-06-08,16.73580640906522,-12.97250928470576,41.64504517767668,-47.81325148319916
2002-06-09,15.90192830123233,-13.318245702277256,41.71225608328211,-48.772692085677264
2002-06-10,15.756044715332083,-13.330496443487602,40.34845498405016,-49.30368866462256
2002-06-11,16.391849830542114,-13.864426076873544,41.498634846990974,-48.250674110378
2002-06-12,14.719348762275992,-13.177784731178068,42.04487848690707,-49.113387672208276
2002-06-13,15.063877179352758,-13.667935014603144,41.804694436146,-51.5532326922122
2002-06-14,13.958996191032451,-13.945280323923836,41.759986935283756,-51.46340739816877
2002-06-15,13.410670143334759,-15.177483518906152,40.55883809650002,-51.927361254110785
2002-06-16,13.539340085438642,-15.352082813506218,41.03250886813489,-53.29853916249367
2002-06-17,14.620675382364636,-15.766306297568649,42.474539109640496,-53.21844878899805
2002-06-18,14.959478274043798,-17.09953976917455,41.0211827115308,-54.606007625042984
2002-06-19,14.720876675749984,-15.968145453816486,40.27709947346522,-53.97107881382888
2002-06-20,14.883070707294829,-15.688699089577167,41.58639057293221,-54.669214715219695
2002-06-21,15.553075400936294,-15.797801198018565,43.14478365455546,-52.89709552550098
2002-06-22,14.658516000582576,-16.58965267690593,42.79918066463839,-51.341020139899285
2002-06-23,12.672997655502716,-16.651763172401655,42.27991335797025,-52.7556822413258
2002-06-24,10.999185580178953,-17.16550463458381,41.0495565781944,-50.68165624819096
2002-06-25,11.496166460369983,-16.96089170574984,43.01917099515859,-50.891453893496
2002-06-26,10.138708882147526,-16.49308422492467,42.74079570796115,-50.12681699755492
2002-06-27,8.877771044039616,-15.964730391022659,41.646935600004355,-50.24266376099565
2002-06-28,9.878817386064373,-17.837473657957418,41.60321447314025,-50.02548239790547
2002-06-29,7.61070245489809,-17.47988111812498,42.26119016261742,-49.368853500961386
2002-06-30,6.212300822919415,-18.561858573729225,41.96084335029939,-51.045321219029546
2002-07-01,6.609685131227667,-18.432952134463296,41.53996732149359,-50.68023125159259
2002-07-02,6.291376740907001,-18.10516227635522,39.26314018040531,-51.97153494385594
2002-07-03,5.177345980407808,-17.48241670604709,39.42486708457365,-51.27466182551089
2002-07-04,4.384083250800047,-17.156119219770126,39.06291655092303,-49.978582121631504
2002-07-05,2.836187428090894,-18.77592285812053,38.10149165071013,-50.861804650038835
2002-07-06,3.1721991286632045,-17.950944808834542,38.65432579179019,-52.53146983355966
2002-07-07,4.114621516065574,-17.973804510397528,38.27381617463773,-51.3583512807081
2002-07-08,3.227852632151367,-19.61718166204937,39.63269227649039,-52.783045418726225
2002-07-09,3.031870879074667,-18.26706948788456,41.56579685748194,-52.10519068913605
2002-07-10,2.9144243864941313,-18.467022039894683,42.19110746509738,-51.09378945847072
2002-07-11,1.7455942243221363,-18.444373167164407,42.013347907386475,-50.558245903714116
2002-07-12,2.248763315584576,-18.49222634728854,39.722932685966114,-50.33449589674191
2002-07-13,2.8542689888713113,-18.09004075681716,39.33767964589699,-49.99734363717591
2002-07-14,2.8866867572523796,-16.915867552276517,40.468524816832264,-50.17675080242155
2002-07-15,0.8678205629558629,-18.976388227864383,41.56048986287772,-50.043150423417266
2002-07-16,-0.3775877665534173,-19.287434932024812,41.28974733099262,-50.816866383092055
2002-07-17,0.9383583595938347,-19.364304098017296,41.2000062532123,-52.28970605633618
2002-07-18,-0.8504373945763586,-18.7968809367189,41.5108443113657,-50.94792054342939
2002-07-19,-0.4305451268317063,-17.867812291785988,40.20049218662952,-51.142108296442196
2002-07-20,-1.9311092880659668,-19.064461070380627,39.21503660762245,-51.76464903671713
2002-07-21,-1.9600896062745297,-18.125512273815104,37.130105738889185,-52.29528601347088
2002-07-22,-3.211451946111018,-19.468973313286174,37.86194527953515,-52.7191314832959
2002-07-23,-3.585952448214084,-19.454151957858144,38.2708883860292,-53.14138274982097
2002-07-24,-4.797250011246294,-18.90108344503245,37.06783638186501,-53.731310766575234
2002-07-25,-4.766243283553588,-18.203661511834373,37.024958841429914,-53.33647185778328
2002-07-26,-4.78863079862955,-18.876156167640403,39.91568007659162,-51.84677328061304
2002-07-27,-5.371788618425937,-19.472382593617688,41.26430402209041,-53.18535586706884
2002-07-28,-6.557895799625024,-18.564787629529224,41.4050578631355,-53.0129724940006
2002-07-29,-6.59592172163838,-19.98809400605245,42.75360468032336,-53.36103741651367
2002-07-30,-7.75594963200606,-20.347730066713712,44.22408531213259,-54.03544812606006
2002-07-31,-7.316125404696472,-21.10051313629155,44.88755416020276,-54.24120831166512
2002-08-01,-6.621123467107129,-21.3705383431254,44.45692858319102,-54.58026940157201
2002-08-02,-5.338956566946779,-19.227331396698233,44.15911211745081,-54.30612866215667
2002-08-03,-4.9047620507475,-20.17985849691979,44.671668548642785,-54.12243209163642
2002-08-04,-5.333444320245276,-19.356290973764995,43.39139465471108,-54.591333196345786
2002-08-05,-4.058844581513614,-17.826635698042992,43.3190359912255,-54.89789887197452
2002-08-06,-4.81612989088313,-17.562774310175513,43.70887716096334,-56.819161673012
2002-08-07,-4.491988267054718,-18.47438878495576,44.04011850641347,-57.05526627860388
2002-08-08,-5.5062900093600256,-17.61391467327538,42.93240604083318,-56.26705303397467
2002-08-09,-3.7118611623780087,-18.225935884676133,43.1796242272445,-56.852731093803406
2002-08-10,-3.45397365123815,-17.87014614590347,42.7718520256981,-56.97062479123722
2002-08-11,-4.454636789003412,-19.672575914745497,41.17794529285823,-56.64643181213675
2002-08-12,-5.484639538102492,-20.48963442315416,41.94301829278143,-56.796353619693384
2002-08-13,-5.91829172903703,-21.126579594141173,41.28973159322356,-56.641343692712795
2002-08-14,-7.616382494898654,-20.154491754989685,40.61280262469673,-56.40388955725312
2002-08-15,-8.923149983576257,-19.495979658590336,41.85541617581703,-54.27212470569977
2002-08-16,-9.360510143858859,-19.709296964244036,41.747544821747624,-55.82770771917652
2002-08-17,-8.999959056046459,-20.147116609497058,41.20137856827163,-59.22465732036717
2002-08-18,-10.18759045882662,-19.861448043976427,41.379108400926256,-61.792059859890394
2002-08-19,-11.791539602380649,-19.922506425154634,42.66479763732869,-60.34948391169159
2002-08-20,-11.666236176788464,-18.887386097444935,42.9965863649576,-60.1122213147204
2002-08-21,-11.773578431481445,-18.084535224047887,42.89001245904092,-59.588750642898745
2002-08-22,-13.85144487784613,-17.89580829437298,41.84807090512671,-59.46173638834281
2002-08-23,-14.586914623035387,-19.208242510957497,43.191976104883906,-58.17558070497652
2002-08-24,-14.441876812800224,-17.76602105630311,44.18387521290927,-58.445494475146695
2002-08-25,-14.45494832555502,-19.88244650692345,44.58484227537168,-58.63874088451403
2002-08-26,-13.11311444283571,-19.053899084669013,41.825595405839785,-57.506779060705966
2002-08-27,-11.752042105886163,-19.729188754598777,41.284264537517465,-57.83652293906885
2002-08-28,-10.867544414444447,-20.629974430125294,40.46059616847733,-57.10510626362124
2002-08-29,-11.331894436337024,-19.45317411943721,40.668829888721135,-58.58521095332855
2002-08-30,-10.67910491572511,-19.05497704203385,41.63700368626822,-59.8957986425128
2002-08-31,-11.18087349324996,-17.536599066008822,43.84273731962103,-59.895884310804085
2002-09-01,-10.800116965609782,-18.982720316776966,43.81636458406324,-58.06009371602645
2002-09-02,-10.313834606490815,-19.49443185278689,43.38078799883959,-58.17986592833235
2002-09-03,-9.40548670819947,-19.014823839145663,42.72012871368374,-57.25290141068139
2002-09-04,-9.895867986402838,-19.442177032838213,44.06403288183358,-58.56176996828892
2002-09-05,-9.03693474680437,-17.792746196303085,44.128545306457205,-59.83255322703519
2002-09-06,-8.024448949337986,-18.835378808917987,43.765886067164004,-60.70509502641508
2002-09-07,-8.025178836961407,-18.213219350414125,45.98335282323886,-62.34189020052599
2002-09-08,-8.894108993341476,-16.720213638794693,45.67452594997557,-63.01747911762662
2002-09-09,-9.888806812587271,-16.507257500816536,44.69044291263788,-63.84435880449239
2002-09-10,-9.327283821929813,-16.390387757371037,43.761370929539034,-63.78657179921831
2002-09-11,-8.922483313436906,-18.088506046294242,43.914560349878556,-60.975752085860336
2002-09-12,-10.56386124565943,-17.90728059667892,43.82186254288774,-61.218766108885376
2002-09-13,-9.530087045885594,-17.31883988654312,45.11209537418593,-60.51223725883146
2002-09-14,-9.802030158566799,-16.623951199014783,45.636616767419554,-60.001864681958864
2002-09-15,-10.77444539126469,-15.358542458547662,45.4961707264767,-61.003867079441605
2002-09-16,-9.354375385149389,-17.832047350489898,46.27497188402178,-61.17899381432251
2002-09-17,-7.879401784145049,-17.665605876042086,45.07652041089237,-61.577752829704146
2002-09-18,-8.716475924615503,-18.850510021482357,43.81784612706118,-62.83996587539479
2002-09-19,-8.37030461656686,-17.492732860099295,42.79082883458419,-63.74852859315041
2002-09-20,-8.732762861555353,-15.848539080445395,41.87767765102023,-63.91747904383008
2002-09-21,-6.199824106943662,-14.753954411916734,40.256577076311295,-62.48798648178821
2002-09-22,-5.676840271207539,-14.129260118464869,39.11435475296787,-62.05648783311305
2002-09-23,-5.580472168937632,-14.386143844412995,37.32784206960437,-61.33036631037749
2002-09-24,-4.1353899791593935,-13.203518546825785,36.85031389548415,-60.53905129848864
2002-09-25,-6.300680981446755,-13.077449998211495,37.09791666494085,-60.26375074145929
2002-09-26,-5.858693489260951,-13.502158361010942,37.8493417827028,-59.10689255469847
